repeat,workers,slots,max_fps,callback_sleep_ms,frames,wall_s,average_fps,cpu_s,one_core_cpu_pct,step_calls,full_calls,last_interval_ms
1,0,1,60,0,120,1.983438,60.50,0.109375,5.51,120,0,16.667
1,0,1,0,0,10000,0.003131,3194377.89,0.000000,0.00,10000,0,0.000
1,0,1,0,16,60,3.711047,16.17,0.000000,0.00,60,0,60.892
1,1,1,60,0,120,1.984375,60.47,0.140625,7.09,456,336,16.667
1,1,1,0,0,10000,0.031490,317558.11,0.046875,148.86,23862,13862,0.004
1,1,1,0,16,60,3.688210,16.27,0.015625,0.42,367,307,62.483
1,1,2,60,0,120,1.983790,60.49,0.031250,1.58,467,347,16.667
1,1,2,0,0,10000,0.017234,580238.25,0.046875,271.99,16628,6628,0.001
1,1,2,0,16,60,1.885120,31.83,0.000000,0.00,234,174,30.970
2,0,1,60,0,120,1.983347,60.50,0.125000,6.30,120,0,16.667
2,0,1,0,0,10000,0.002404,4159733.78,0.000000,0.00,10000,0,0.000
2,0,1,0,16,60,3.695970,16.23,0.015625,0.42,60,0,62.616
2,1,1,60,0,120,1.983514,60.50,0.125000,6.30,458,338,16.667
2,1,1,0,0,10000,0.030717,325555.81,0.093750,305.21,23810,13810,0.002
2,1,1,0,16,60,3.706531,16.19,0.015625,0.42,364,304,62.137
2,1,2,60,0,120,1.983596,60.50,0.109375,5.51,471,351,16.667
2,1,2,0,0,10000,0.016892,591996.21,0.046875,277.50,16585,6585,0.001
2,1,2,0,16,60,1.847876,32.47,0.000000,0.00,235,175,31.029
